"   ","HOST_EXT_ID","WT_A_1_WGT","WT_A_2_WGT","WT_A_3_WGT","WT_A_4_WGT","WT_A_5_WGT","WT_A_6_WGT","WT_A_7_WGT","WT_F_1_WGT","WT_F_2_WGT","WT_F_3_WGT","WT_F_4_WGT","WT_F_5_WGT","WT_F_6_WGT","WT_F_7_WGT","WT_P_1_WGT","WT_P_2_WGT","WT_P_3_WGT","WT_P_4_WGT","WT_P_5_WGT","WT_P_6_WGT","WT_P_7_WGT","WT_A_1_CUBE","WT_A_2_CUBE","WT_A_3_CUBE","WT_A_4_CUBE","WT_A_5_CUBE","WT_A_6_CUBE","WT_A_7_CUBE","WT_F_1_CUBE","WT_F_2_CUBE","WT_F_3_CUBE","WT_F_4_CUBE","WT_F_5_CUBE","WT_F_6_CUBE","WT_F_7_CUBE","WT_P_1_CUBE","WT_P_2_CUBE","WT_P_3_CUBE","WT_P_4_CUBE","WT_P_5_CUBE","WT_P_6_CUBE","WT_P_7_CUBE"
"1","S-22","0","72153.3656","0","72783.1012","1071.3161","62367.8768","0","0","0","23361.2586","0","20323.9828","0","19933.181","0","4139.146","88955.235","0","82724.9208","0","90477.057","0","4465.7711","0","5110.2612","139.213","4122.697","0","0","0","1787.1379","0","1594.2425","0","1556.625","0","289.0129","6266.7012","0","5859.2121","0","6375.5812"
"2","S-2215","0","283989.5625","0","0","252462.885","0","219930.4288","65464.1046","0","85183.106","0","0","86501.2284","0","185364.0517","234462.0007","0","207382.8851","0","254482.3144","0","0","19570.9274","0","0","15677.1115","0","13554.7572","4837.6144","0","5906.3869","0","0","6367.7041","0","12529.1481","15516.278","0","14180.016","0","16818.6909","0"
"3","S-2220","0","123626.1111","0","96303.7995","0","78931.2971","63265.713","38408.4228","0","0","28039.6479","0","47767.8088","0","85616.2122","125125.1513","0","81283.3619","100848.0383","122440.8858","83969.583","0","8000.1858","0","5910.8645","0","5569.0143","3721.0939","3013.7525","0","0","2152.8816","0","3590.3504","0","6459.8491","8814.7269","0","6600.3344","7694.0979","9143.261","6191.4176"
"4","S-2228","0","0","253241.3796","0","212274.9025","0","257057.4008","69496.7793","0","76198.8603","0","0","77500.5523","0","183506.5858","191229.622","0","185315.7468","0","161733.4055","170238.1456","0","0","17084.296","0","14212.8063","0","16675.6608","5193.1888","0","5659.8577","0","0","5897.9465","0","12540.2109","12935.3357","0","12078.5635","0","11261.1863","12236.2987"
"5","S-2235","0","223094.4006","0","321978.2675","0","174897.2129","221334.1963","81089.0056","0","108626.9344","0","0","106250.4496","0","221302.2883","125227.6948","271490.424","0","349005.3508","0","207367.5578","0","13728.1202","0","22183.5721","0","10492.0038","14489.2023","6107.6547","0","7980.7214","0","0","7666.8439","0","14376.3303","9451.4177","17339.1394","0","22481.8995","0","13982.5362"
"6","S-2274","186187.6588","0","227237.3575","0","226282.4914","0","165419.9729","68123.6327","46317.0903","0","76198.9606","0","92872.8637","0","260234.9782","122300.8015","142693.3304","169652.67","204077.9599","257494.1507","256075.1396","11631.1356","0","15590.328","0","17182.4435","0","11341.3068","5326.7003","3128.6933","0","5486.145","0","6573.8866","0","15313.4464","8780.2757","10213.403","11037.9774","13048.3339","17242.4198","16991.073"
"7","S-61","0","74216.4534","0","60303.0172","0","81414.1027","41627.9703","0","25913.8808","0","18772.3755","0","30035.4765","0","0","75356.8004","0","70883.1972","0","49432.9745","77817.8103","0","4657.6078","0","3697.7638","0","5420.6519","2755.3543","0","1918.4253","0","1456.5642","0","2206.9525","0","0","5721.2035","0","5279.2632","0","3504.2566","5574.6962"
"8","S-6606","0","3961.8219","7503.5748","0","32127.8314","0","29343.5463","0","976.3275","3062.0133","0","20029.373","0","9702.7688","6785.2524","1626.4381","10540.7002","0","10444.9763","0","5575.3062","0","453.0322","560.9992","0","1815.3341","0","1482.5846","0","72.4572","214.9142","0","1610.9096","0","783.4117","419.9311","72.5349","631.3682","0","658.3017","0","340.0534"
"9","S-6612","0","17835.0095","152.6368","21832.8344","0","18759.8396","19380.1315","0","0","4411.8431","0","6052.288","0","6465.2365","14845.6876","23607.7307","6904.9115","23633.4209","0","25215.2814","0","0","1095.2204","8.0422","1595.6703","0","1395.4224","1260.0848","0","0","334.3617","0","452.0318","0","553.4039","1173.4372","1644.0593","426.0793","2008.7248","0","1876.3982","0"
"10","S-6613","22800.6709","42406.0304","13474.2125","29712.519","0","26695.3339","0","0","0","12114.9055","0","12775.7468","0","11425.566","23956.3952","38816.2567","20527.9499","16319.9568","32166.0575","19928.0162","29088.4997","1320.6632","3336.6046","864.319","2032.7542","0","1753.0267","0","0","0","954.1232","0","1011.1565","0","1007.2034","1730.1046","2774.9255","1379.7071","1371.7426","2447.9746","1240.7758","2003.2177"
"11","S-6614","0","9562.5676","28778.9137","0","26628.3255","0","33004.4235","0","6439.6466","0","6121.6197","0","8681.0614","0","12140.5957","27850.6403","17215.9712","0","30533.5687","0","24700.341","0","556.5896","2507.0476","0","1951.1184","0","2035.5903","0","521.5169","0","498.857","0","694.3651","0","1189.4147","1884.7026","1104.972","0","2258.3524","0","1865.0731"
"12","S-6628","76861.1056","26510.8559","0","78553.5994","0","72479.1648","0","20796.0505","0","0","19593.1412","0","24435.1487","0","68009.2387","63395.6516","0","73499.8191","0","107093.2952","0","4543.784","2480.5123","0","5086.8049","0","4808.107","0","1586.2101","0","0","1579.5374","0","1910.0335","0","5386.0453","5055.6075","0","5609.9341","0","8692.7832","0"
"13","S-6664","0","33592.7239","5499.5394","18279.2977","0","23043.2151","8044.0884","0","0","5777.2676","0","9431.9604","0","6927.5763","15583.9671","35631.1578","11624.4184","34953.8527","0","33894.7215","0","0","2716.2313","331.9821","1173.8646","0","1589.5416","518.0786","0","0","468.6795","0","747.9601","0","586.9614","1297.7217","3255.2603","727.8741","3252.2007","0","2390.2905","0"
"14","S-6675","0","30898.346","0","20946.6649","0","24197.1008","0","0","5432.5644","0","5225.9731","0","6805.8948","0","19162.7093","28646.2005","0","31698.7535","0","25879.0812","0","0","2772.9247","0","1374.6953","0","1600.7112","0","0","439.2498","0","406.5372","0","554.55","0","1925.2922","1947.6413","0","3049.3304","0","1921.7179","0"
"15","S-6678","0","13877.149","34119.2641","0","30182.4472","0","25719.4577","0","8984.4463","0","8020.404","0","8072.7036","0","20579.5643","19687.1101","25762.5309","0","27305.781","0","21510.913","0","770.9211","2652.0008","0","1985.6958","0","1614.7364","0","704.3596","0","555.6281","0","543.2443","0","2245.8909","1231.8789","1745.6644","0","1908.1395","0","1606.2961"
"16","S-7614","42550.3602","0","49169.8882","0","58762.4248","0","59315.2069","19939.1983","0","0","17555.309","0","0","0","81924.3129","0","76098.9076","88748.2928","0","114025.1504","0","2518.0133","0","3176.888","0","3763.2278","0","3874.3515","1487.1594","0","0","1265.4365","0","0","0","5463.6405","0","4837.051","5753.0322","0","7309.7349","0"
"17","S-7618","0","21635.0349","22946.1038","0","26426.3976","0","32068.3278","0","0","14101.1066","0","0","0","12886.4804","0","46738.8641","47561.6689","0","63072.276","0","49981.3271","0","1344.5178","1489.3544","0","1632.8605","0","1732.086","0","0","978.9101","0","0","0","1027.9595","0","3043.4833","2935.254","0","4185.2278","0","3357.0985"
"18","S-931","0","96159.7038","142989.9126","0","116130.0077","0","109477.9532","0","41023.8246","0","39877.9953","0","51488.4404","0","79801.989","83212.7838","159631.4231","0","111233.795","87437.8089","105622.5693","0","6253.5889","10475.6378","0","6864.9682","0","6632.4545","0","3161.2893","0","3083.121","0","3827.7788","0","5991.0531","6202.7135","11365.5402","0","7725.7324","5874.9176","7633.4612"
"19","S-935","180337.4659","155714.5966","131356.5018","287813.6903","184822.0506","191884.9141","172768.3368","0","89745.0287","0","98378.8716","0","79664.2112","99852.7397","187286.9383","190274.9731","203799.9977","96511.7279","246155.5336","184126.2425","276238.9473","10399.548","9473.553","7856.0193","21562.7423","12025.0462","12055.4472","11859.4243","0","6780.5547","0","7103.2611","0","5823.5371","7260.229","13678.2355","12312.2428","13570.5404","6919.214","14933.7358","13486.6027","17479.6053"
"20","S-936","39670.9528","159623.2496","221713.7993","0","215085.6467","148735.2388","0","14824.293","56170.206","0","63193.6568","0","69588.9431","0","33354.5589","212582.3155","0","173951.2055","0","160313.2243","216605.2456","2246.6388","10080.6005","16111.2913","0","14186.2128","9253.4133","0","1074.9207","4194.892","0","4539.9669","0","4869.3557","0","2089.6029","13815.1562","0","11259.4963","0","10426.8603","14710.9446"
"21","S-937","173361.5345","131168.9483","153426.0302","0","266583.0294","0","204660.2765","74793.3879","0","0","68608.2697","0","64454.0807","0","240329.8942","247912.1275","112725.9154","186246.4604","105034.1687","238324.6721","143198.4428","11105.4034","8184.0969","9805.7974","0","18994.2324","0","13579.447","5729.8673","0","0","5282.3907","0","4826.3573","0","16398.4393","17439.7344","8143.4393","12142.7649","7414.2053","15982.1504","10839.1086"
"22","S-955","0","71199.0009","0","77362.2064","0","70766.0452","41425.9923","27664.8252","0","0","32710.0143","0","26555.7845","0","78783.6579","82065.7678","0","79011.744","0","92043.3898","44043.1324","0","4685.9691","0","5643.8219","0","4906.5361","2654.7787","2069.7501","0","0","2235.9548","0","1946.33","0","5870.9159","5775.4201","0","5719.5426","0","6550.9159","3445.9703"
"23","S-971","105295.5835","0","144132.1984","0","124029.031","0","112876.4295","50925.3957","0","0","45849.2514","0","44776.7319","0","132782.6666","74182.6065","91005.1852","0","100195.4371","135027.4578","0","6421.0466","0","10290.3475","0","8444.8942","0","7361.2028","3770.3861","0","0","3285.1464","0","3246.849","0","8705.4486","5586.5846","5828.8888","0","6682.9706","8835.6385","0"
"24","S-985","60360.6488","68199.0486","0","57485.8212","0","75744.0587","0","22984.3633","0","0","20955.674","0","30686.0719","0","72335.42","97165.5324","0","87581.7876","0","122655.6003","0","3888.6293","4860.0217","0","3267.9257","0","4692.1755","0","1780.7275","0","0","1520.0953","0","2271.9406","0","5432.55","7075.7157","0","6483.723","0","8691.7536","0"
"25","S-992","177777.3891","147457.7493","0","250489.8048","0","161590.0118","0","0","64522.1589","0","68136.8205","0","71564.1293","0","152621.8119","134148.275","178226.4911","0","231006.7452","0","177148.9405","10396.9159","9237.2805","0","18359.7173","0","10652.2643","0","0","4777.2204","0","4873.775","0","5261.8483","0","10658.0725","9253.1414","11446.632","0","15594.6891","0","12493.1235"
"26","S-106","0","0","68081.8966","0","46918.9294","0","47947.2223","0","0","24588.6881","0","20282.7314","0","20316.127","0","35995.1829","50174.0788","0","58388.0868","0","57812.0048","0","0","4965.8034","0","3222.2077","0","2762.2309","0","0","1846.4149","0","1387.963","0","1427.2899","0","2354.2756","3945.0507","0","3885.832","0","4024.1805"
"27","S-110","0","0","58947.003","0","43571.5327","0","43489.782","0","0","21430.4662","0","18284.195","0","15270.2359","0","15988.1739","44745.6763","0","60823.1391","0","51880.7632","0","0","4365.1955","0","3007.2741","0","2593.9088","0","0","1604.6352","0","1372.7236","0","1192.9696","0","1169.0956","2753.1203","0","4274.1481","0","3559.289"
"28","S-157","0","143138.6549","0","164117.2445","0","0","164278.4225","0","49282.8615","0","0","51599.4247","0","37595.162","0","119591.8152","0","138772.0914","0","77650.2976","147767.8702","0","8790.7364","0","11577.696","0","0","9629.1029","0","3655.8824","0","0","3900.7217","0","2742.8345","0","7481.8547","0","9301.1516","0","6855.1486","10018.4874"
"29","S-16","0","69931.2728","0","0","64818.5571","0","75047.8328","28837.7822","0","0","18833.701","0","30081.5584","0","75078.2197","0","0","51883.4376","0","89883.3412","0","0","4888.0819","0","0","3912.8529","0","5025.6922","2015.3003","0","0","1279.7143","0","2080.3078","0","5259.1287","0","0","3490.1633","0","6470.3097","0"
"30","S-160","0","99083.9562","0","129093.2912","0","0","134662.5302","0","34200.2793","0","45504.1972","0","0","40002.0002","0","132599.459","0","0","143805.5302","0","117397.4684","0","6234.4742","0","8439.7173","0","0","8858.6674","0","2568.4517","0","3126.4594","0","0","2822.2169","0","8885.4163","0","0","9654.628","0","8070.1274"
"31","S-2207","0","0","231707.6345","0","224213.6204","0","221823.1792","74771.2579","0","85601.7207","0","0","86012.8474","0","187986.0223","215059.9732","0","200424.7881","0","270209.3409","0","0","0","16566.1009","0","13491.8088","0","14326.9409","5388.2695","0","5927.6773","0","0","6132.5388","0","12879.6913","14399.8643","0","13383.6766","0","18305.6658","0"
"32","S-2256","85340.423","0","61063.8447","0","107114.6229","0","2896.0049","26101.852","0","28812.1421","0","25568.7597","17485.76","0","90851.0608","86534.4903","0","71998.2383","0","110265.6577","64997.2686","6041.7148","0","4189.3654","0","7283.1414","0","199.1504","2036.2993","0","2107.7367","0","1847.0656","1311.6012","0","5537.0301","5235.8278","0","4475.1731","0","7420.946","4674.4789"
"33","S-34","0","0","65815.0089","0","52692.1019","0","52633.4005","0","0","18739.8491","0","22388.6919","0","22392.9541","0","0","74623.0671","0","79502.1307","0","102700.7406","0","0","4748.1016","0","3559.8038","0","3948.4696","0","0","1601.7505","0","1827.2322","0","1913.1124","0","0","5508.125","0","5934.1946","0","7381.0945"
"34","S-6604","4202.4438","12263.6813","40100.4653","585.1747","16687.492","2443.4263","7340.4914","331.4319","1078.8209","13032.2309","1987.9059","12635.3116","762.9502","15127.3102","34534.5193","4781.7016","34341.2494","119.1911","53543.8061","1172.1881","36052.263","301.7851","764.6078","2261.8976","104.8978","898.4593","306.0782","629.5033","22.6793","92.0575","907.3659","188.9714","805.0809","93.4076","996.2183","2675.8942","241.8477","2320.5141","3.1664","5111.0577","73.6033","2541.8193"
"35","S-6630","0","7907.8986","31222.9584","0","19110.5099","0","29020.5385","0","5778.8889","0","5301.1215","0","6513.0065","0","0","15902.5623","27531.6608","0","28954.1652","0","32240.905","0","419.4164","2641.511","0","1381.7274","0","1612.2306","0","479.2664","0","443.7468","0","526.8395","0","0","998.3356","2015.6209","0","2181.4856","0","2743.2328"
"36","S-6679","0","13783.1633","28542.838","0","22606.415","0","21578.0051","0","7563.1453","0","5895.974","0","8187.9668","0","0","23939.079","19327.4307","0","25736.59","0","46812.1906","0","868.2041","2566.5674","0","1431.5732","0","1329.8321","0","591.2448","0","462.6673","0","650.6674","0","0","1451.0667","1328.8414","0","1802.5326","0","4389.3608"
"37","S-6682","0","15395.1768","30743.6366","0","27699.4911","0","23385.0768","0","0","8969.8713","0","8304.6508","0","7044.4441","0","27478.6424","18555.9895","0","31926.5387","0","37480.534","0","870.2438","2635.5863","0","1911.3544","0","1415.0227","0","0","655.2713","0","649.9293","0","548.4115","0","1674.8876","1314.7579","0","2375.634","0","3780.6914"
"38","S-78","0","54535.9622","0","0","51119.6182","0","50380.0683","17473.7589","0","0","18820.6637","0","16479.4132","0","71405.0406","0","0","47793.5993","0","57743.4419","0","0","3544.1469","0","0","3110.851","0","3700.0172","1318.3613","0","0","1398.7927","0","1164.8123","0","5293.5701","0","0","3403.1759","0","4371.0911","0"
"39","S-915","0","65934.0329","0","0","62041.2086","0","55029.809","22243.9777","0","0","17218.8294","0","17326.22","0","84402.8898","9746.3101","0","69361.5423","0","89388.2242","0","0","4531.0991","0","0","3976.9668","0","3815.7156","1666.6414","0","0","1314.0683","0","1329.9972","0","6479.0026","709.8181","0","5486.6695","0","6658.3876","0"
"40","S-920","0","103202.627","111732.1714","0","133190.4338","0","137854.6157","40980.534","0","39738.5963","0","47622.0751","0","36262.1469","137159.4762","0","121222.3316","0","183824.4622","0","117171.1373","0","6509.4327","7604.4589","0","8862.5331","0","8818.476","2896.7041","0","2785.6387","0","3454.5855","0","2580.5732","9186.9489","0","7742.6228","0","12002.0076","0","8179.9398"
"41","S-932","78093.0982","108514.0111","77482.4338","81352.0752","0","110172.2068","78622.3629","0","0","55953.7031","0","60054.8236","0","52457.8482","116961.0194","163442.8144","0","176167.8996","0","143727.2395","75075.0273","4720.8962","8040.0081","4613.3565","5300.7187","0","6825.0779","5737.5306","0","0","4241.8143","0","4611.6762","0","4046.5879","7912.567","11221.5388","0","12007.9129","0","9792.6851","6096.8541"
"42","S-952","140956.4429","169707.2428","0","250447.2496","0","194629.7865","171827.3271","43521.2721","63337.0003","0","0","64987.4906","0","55068.62","193209.4882","109972.4016","217060.0138","0","180804.8535","208313.5485","101949.6911","8342.2303","10694.4177","0","18488.9844","0","12357.0283","9964.261","3169.3703","4549.4465","0","0","4574.962","0","3951.9953","11970.9073","7585.9366","14434.432","0","11890.1846","13933.0497","7363.3299"
"43","S-968","59129.6592","61878.075","0","46909.4523","0","78608.6737","0","0","0","25676.6518","0","34548.292","0","27674.6366","90681.9936","0","73202.8526","34896.0205","0","98992.4109","0","3413.5297","4529.2246","0","3127.1878","0","5121.3338","0","0","0","1875.3492","0","2594.8509","0","2086.3297","7099.1914","0","5212.6046","2857.9987","0","7336.2702","0"
"44","S-981","0","135719.7057","0","206851.7483","0","0","182759.0966","0","45062.1654","0","57934.1377","0","0","52040.8046","0","165140.6902","0","160352.9714","0","119924.2332","190503.1428","0","8535.1548","0","14523.3135","0","0","11650.7845","0","3211.582","0","4218.5037","0","0","3816.1138","0","10992.2206","0","10823.5294","0","7922.814","13027.3738"
"45","S-987","0","79841.736","51970.2025","0","91764.7758","57329.5239","80111.2072","0","32362.8875","0","41348.5707","0","34812.0636","0","70788.7602","13620.2136","63781.5727","45230.6477","99335.71","34434.2991","82586.5916","0","5820.2153","2981.2051","0","5327.2054","3503.8001","5202.2896","0","2432.2496","0","2941.8684","0","2488.5059","0","4841.0138","1234.2974","4232.6261","3888.0562","6486.8505","2525.2396","5486.3781"
"46","S-993","133408.7753","0","177824.0393","0","180545.0768","0","175776.7635","59326.4724","0","0","69190.135","0","49886.6562","0","191988.8448","249506.1228","0","216539.2735","0","254673.1773","0","9258.1629","0","12230.1505","0","11641.0134","0","12295.5563","4316.6803","0","0","5208.4766","0","3593.3808","0","13265.7346","16484.6497","0","14646.4713","0","16964.5086","0"
"47","S-999","133528.4511","154600.3744","0","226797.2813","135456.9705","167533.9731","140152.7595","0","80301.3681","0","0","71423.7776","0","76945.1294","155375.8939","283003.9752","0","198856.4329","159269.6543","196696.9192","212217.9895","8235.4288","9214.0864","0","17253.3466","9041.9083","10868.48","9153.7313","0","5941.3237","0","0","5539.0115","0","5860.8924","11599.6759","18649.4489","0","13428.2679","11852.7322","14375.1551","13345.5346"
"48","S-135","0","0","62092.6892","0","38851.9923","0","40368.4824","0","0","20253.1969","0","10597.6967","0","14728.218","0","39905.1396","46361.6178","0","60924.8636","0","44786.1087","0","0","4197.3493","0","2597.3471","0","2392.6119","0","0","1533.9457","0","825.9924","0","1140.4819","0","2577.3583","3342.7917","0","4189.9288","0","3052.1276"
"49","S-152","0","80940.748","0","131674.7626","0","0","124998.7229","0","43029.5315","0","0","41686.0699","0","30388.1024","0","110726.677","0","124541.1967","0","50967.6332","138900.5256","0","5237.0224","0","8715.3168","0","0","8011.9285","0","2954.6601","0","0","2935.118","0","2072.4405","0","7583.625","0","8662.2269","0","3636.3112","9644.6141"
"50","S-2213","0","265110.6153","0","378690.9092","0","203939.0458","258231.4275","0","124278.5116","0","0","107115.1242","0","97368.7139","114927.7503","174106.1824","108953.8031","158930.5839","311473.8878","0","208612.1532","0","16281.5559","0","25430.4114","0","12070.1717","15311.6884","0","8783.2478","0","0","7433.796","0","6804.2441","7827.7552","10864.3812","7648.5548","9952.7126","20810.7222","0","14055.6927"
"51","S-2240","93456.2667","0","103725.3061","0","137471.3355","0","86218.7032","56688.3556","0","0","45326.2379","0","43877.3078","0","124464.8616","159646.5831","0","128482.3928","0","151739.6037","0","6231.6478","0","6915.1055","0","9297.8007","0","5848.3823","4147.4063","0","0","3329.3978","0","3144.3988","0","8414.1921","10505.1549","0","8400.7594","0","9765.4797","0"
"52","S-3","0","0","42692.1994","0","34610.7206","0","36814.1601","0","0","8223.8027","0","10185.0156","0","10484.6231","0","0","34783.348","0","42838.5516","0","40986.9691","0","0","3007.7792","0","2057.716","0","2285.1014","0","0","612.6517","0","903.9762","0","802.6721","0","0","2484.3489","0","3165.8058","0","2907.6892"
"53","S-6619","0","18928.8233","24933.3746","0","27741.5782","0","23104.2732","0","6626.3977","0","6919.0854","0","9386.1794","0","22059.7839","23933.3794","29270.7045","0","31514.1417","0","30000.1588","0","955.2887","2274.4562","0","1869.2593","0","1375.2781","0","560.9312","0","560.9701","0","726.9417","0","2171.2095","1400.9489","2648.4071","0","2338.8809","0","2126.8902"
"54","S-6650","9732.8215","0","99795.5761","0","55403.3614","0","62075.2727","0","0","24178.765","0","24114.8487","0","23889.4536","76726.7377","4922.1202","96111.1316","0","37285.8935","76958.852","0","707.1277","0","6631.9786","0","3426.9721","0","3770.3667","0","0","1815.0232","0","1783.719","0","1748.656","5549.2197","361.402","8756.2172","0","2568.4128","5679.8271","0"
"55","S-6670","0","12280.0448","31938.4728","0","30326.2086","0","34520.9972","0","5756.3911","0","6664.4065","0","8298.7506","0","22882.572","26487.1046","33408.8476","0","35230.1768","0","29191.6449","0","631.0865","2453.1515","0","1997.4677","0","2107.659","0","443.1155","0","557.153","0","626.7935","0","1933.0915","1699.8494","2647.465","0","2450.1794","0","2082.0173"
"56","S-904","39385.7031","149924.6094","106921.587","146968.2484","154538.4305","136550.7174","113064.0497","0","58907.1725","0","63488.3334","0","55176.4954","54356.9165","149218.6388","154747.3116","108737.0829","142255.2099","152143.0583","158879.12","155909.6047","2351.2452","8562.3214","6831.3038","10785.6108","9614.0092","9082.3037","6799.5528","0","4302.082","0","4567.3374","0","4071.2389","3911.0949","9211.8913","10962.6841","6828.3997","9497.3784","10328.5283","10570.7257","10912.8965"
"57","S-929","43900.6579","68370.8068","0","74904.1382","49259.9626","40341.8562","78830.3582","0","26318.0207","0","29842.7918","0","30353.3195","0","31763.2213","52556.6142","45567.5619","35848.9812","74340.007","45365.9348","73939.3939","2302.0793","4557.7412","0","4509.6631","2815.2043","2219.5111","4986.9869","0","1946.33","0","2204.738","0","2139.9345","0","2335.2969","3392.5987","3353.3786","2673.6214","5268.181","3436.2187","5222.1716"
"58","S-951","0","0","98192.4213","0","70828.7747","0","67890.3652","0","0","23455.4281","0","25745.3317","0","20342.1013","65584.399","73342.8198","0","58742.9692","0","72620.8201","44972.2916","0","0","6937.5614","0","4816.8971","0","4298.2649","0","0","1851.9123","0","1973.2344","0","1562.6275","4611.4236","5518.1194","0","4563.5883","0","5048.5366","3291.2363"
"59","S-956","0","98585.3626","0","70036.1898","0","71016.9967","48148.2476","0","0","38315.6907","0","37575.9236","0","32681.0146","72344.3288","61917.8054","0","106302.2479","0","95725.812","42884.7338","0","7012.1942","0","4607.8299","0","3982.5905","2880.3769","0","0","2848.5579","0","2721.1557","0","2554.6887","5145.4311","4070.9378","0","7484.3509","0","6519.2523","3332.3893"
"60","S-962","94465.2878","51344.4784","0","99928.8576","0","84294.7469","0","0","38520.4099","0","46186.3829","0","37036.3125","0","84218.7963","95180.5515","0","112566.6262","0","103612.7841","42667.8297","6221.5271","4284.1328","0","6162.1627","0","5079.093","0","0","2934.8169","0","3295.2088","0","2750.2162","0","5745.7476","6165.0766","0","7568.3662","0","7136.2262","3166.4565"
"61","S-145","0","119241.1617","0","74929.8619","0","87795.7332","0","0","0","32683.505","0","34415.3448","0","32510.0754","0","48929.3331","99806.1564","0","121446.6904","0","94908.1385","0","8017.5716","0","4459.9532","0","5474.7616","0","0","0","2407.4238","0","2520.0821","0","2585.6044","0","3167.8843","7202.1758","0","9127.0989","0","6963.3196"
"62","S-148","57848.3755","0","0","71161.7443","0","51794.8006","0","0","0","28636.1718","0","27753.4288","0","24059.1058","0","44996.1933","62723.5781","0","73298.7269","0","67319.147","3395.124","0","0","5202.9889","0","3174.081","0","0","0","2108.436","0","2036.6975","0","1814.1782","0","3069.3386","4436.9534","0","5253.4176","0","4736.7085"
"63","S-2221","0","0","145202.1439","0","125744.2231","0","160632.2875","0","50800.6219","0","0","55280.4596","0","44017.4087","157976.9045","153147.483","0","166522.9629","0","198002.8734","0","0","0","10201.2232","0","7966.9196","0","10473.7924","0","3789.2678","0","0","4156.9248","0","3315.6833","11057.1989","9950.6146","0","11762.656","0","13205.6806","0"
"64","S-2277","0","0","20144.9036","0","54796.8924","0","21635.3358","0","0","40324.3394","0","0","0","3565.2034","0","0","71825.4272","0","86760.1027","0","76353.085","0","0","1571.7866","0","4411.3214","0","1044.3838","0","0","3931.8511","0","0","0","213.8167","0","0","5397.5841","0","5934.7288","0","5419.7486"
"65","S-6608","0","25273.7488","5541.0081","28051.0639","0","23307.6385","0","0","7118.222","0","7355.7685","0","7457.6935","0","20682.7095","25729.7204","2826.5227","27649.6986","0","26248.0204","0","0","1475.7663","309.6719","2129.2407","0","1488.286","0","0","522.0414","0","570.7023","0","568.2644","0","1852.9321","1965.6001","174.0818","2499.2094","0","2155.5526","0"
"66","S-6609","0","38576.7044","4078.7231","20558.1195","0","23040.9252","0","0","0","6954.3363","0","6363.0273","0","6286.642","15022.8446","22806.4541","9468.5485","28554.6218","0","30001.9807","0","0","3177.8593","268.1596","1213.0362","0","1584.3549","0","0","0","501.8583","0","536.999","0","485.5505","1401.8036","1704.2784","587.3791","2684.0918","0","2375.0901","0"
"67","S-6615","0","24244.8207","3639.7668","29134.9827","0","28546.8161","4251.0329","0","0","7375.291","0","7738.3634","0","5110.2586","15549.1675","39171.5569","6048.8281","51344.6457","0","31741.2918","0","0","1319.9251","198.8202","2404.8694","0","1822.7449","403.7497","0","0","589.9044","0","628.7069","0","385.5091","953.8221","3344.9285","387.9373","6022.6778","0","2295.7368","0"
"68","S-6642","14416.0914","0","133451.4139","0","90618.3113","0","102413.8194","0","0","26904.4323","0","19976.1707","0","30801.1846","68464.3244","10627.7661","102617.001","0","64402.249","75513.549","0","969.1974","0","9870.6689","0","5368.4555","0","5972.9485","0","0","2068.7691","0","1612.9299","0","2242.4721","5102.3842","729.03","8868.3025","0","4192.1238","5497.237","0"
"69","S-6686","0","27095.2786","37881.5817","0","32406.0443","0","23147.4467","0","0","9526.3472","0","9089.2797","0","7830.3099","23736.1315","33648.3832","27229.8804","0","35917.31","0","31077.8431","0","1732.4842","3221.9067","0","2191.9948","0","1402.94","0","0","774.913","0","728.4666","0","632.9222","2408.4534","2395.312","1656.3945","0","2666.5214","0","2194.5979"
"70","S-7623","0","0","36914.0626","0","29198.1636","0","26850.9627","0","0","9747.2795","0","0","0","10385.0882","0","0","55181.3093","0","54707.1689","0","49001.9576","0","0","2218.5981","0","1858.4878","0","1766.8383","0","0","726.5726","0","0","0","745.4348","0","0","3739.0334","0","3529.364","0","3165.1064"
"71","S-7638","23942.3885","0","0","25925.5977","0","19276.1841","0","0","0","6335.0974","0","7671.8899","0","8572.2834","29732.0749","15930.6426","0","28752.5716","0","40925.0586","0","1793.1501","0","0","1962.9194","0","1105.5159","0","0","0","606.7949","0","741.812","0","780.9058","1896.6104","1046.88","0","2124.9962","0","3202.4423","0"
"72","S-902","145838.2812","0","201129.5885","0","0","190350.573","0","0","44327.5296","0","40320.261","0","47951.6349","0","0","103033.3925","99388.2103","0","162047.9055","0","152483.8838","8586.9918","0","13213.48","0","0","12619.0883","0","0","3335.5362","0","2744.7188","0","3427.5646","0","0","6590.3691","6614.8064","0","11070.5734","0","10411.7181"
"73","S-973","0","61133.9286","55656.1348","0","59837.5184","0","59834.9778","0","0","22830.0049","0","29525.8514","0","24567.9956","39382.1596","54404.2353","84687.9389","0","77899.7113","0","79096.219","0","3999.6558","3930.9283","0","4051.5802","0","3724.1826","0","0","1750.1906","0","2232.8564","0","1923.845","3040.3558","3222.4894","6255.2498","0","5224.5998","0","5760.1322"
"74","S-927","0","0","1153.8021","0","0","1043.336","0","0","0","0","0","0","0","0","0","0","0","0","0","0","0","0","0","101.5955","0","0","157.2884","0","0","0","0","0","0","0","0","0","0","0","0","0","0","0"
"75","S-2242","0","0","226523.5145","0","213610.4248","0","247808.7985","70262.2199","0","0","62203.9409","0","73522.0828","0","0","147421.8299","156397.3172","0","229900.0112","0","239447.7196","0","0","15582.3636","0","13783.0944","0","16004.2567","4935.1985","0","0","4430.0379","0","5293.2593","0","0","9981.2486","10581.1086","0","15530.7597","0","16228.3883"
"76","S-2263","0","0","160199.2481","0","191642.3031","0","195371.6095","48866.3361","0","57860.761","0","0","59585.9818","0","151965.4501","173066.4734","0","151549.961","0","200298.744","0","0","0","10263.4431","0","13428.1805","0","12936.0933","3646.733","0","4204.3814","0","0","4516.2775","0","11024.263","12088.4123","0","10577.6023","0","13801.403","0"
"77","S-2298","31043.1271","198142.6735","0","250637.8953","0","166020.1238","140426.5096","0","74570.7173","0","85295.9122","0","0","79008.6685","133069.755","153179.9092","235039.2026","0","182265.9184","131039.8455","187627.3792","1690.8456","12239.3291","0","18399.7921","0","10493.9949","9653.511","0","5479.6569","0","6355.0193","0","0","6035.0616","9744.4807","10100.7156","15769.9849","0","12192.1057","9967.9227","11955.1532"
"78","S-33","0","41381.4481","0","0","31742.4785","0","32232.9489","10157.2027","0","0","10415.0239","0","10513.7397","0","65498.8207","0","0","30795.6521","0","47426.6658","0","0","2580.4663","0","0","1853.1361","0","2267.055","798.2917","0","0","796.4754","0","790.9682","0","4828.1833","0","0","2226.6888","0","3556.0644","0"
"79","S-6607","22487.157","7190.2615","0","25239.4004","0","34521.7159","0","0","8254.1897","0","6061.8821","0","8165.8368","0","21484.2869","39726.1441","0","31082.4396","0","42899.7601","0","1187.1711","515.6698","0","1874.7956","0","2413.8343","0","0","615.4781","0","480.4708","0","650.8228","0","1524.1844","3214.9717","0","2288.831","0","3496.1755","0"
"80","S-70","0","49899.8774","30703.0371","0","42604.9163","0","47652.4621","0","0","17892.5742","0","19394.2553","0","18698.9654","0","37378.1743","54191.7772","0","71662.561","0","74627.3962","0","3608.2608","1872.3382","0","2672.485","0","3791.1229","0","0","1305.9678","0","1365.4196","0","1383.4951","0","2526.648","3772.319","0","5522.0045","0","5856.6285"
"81","S-907","156307.0756","136448.5416","145874.8692","0","145058.8171","156154.4889","137004.3657","0","0","85049.0223","0","102338.2698","0","104868.2772","142427.9877","160976.5059","263843.5056","0","225055.9644","153178.5552","230371.6275","9622.1971","8439.319","9085.3341","0","12018.1793","10755.4527","8586.8073","0","0","6401.4754","0","7437.2537","0","7783.8535","9986.8335","10526.4938","17109.5395","0","14058.3637","10843.0617","14183.0173"
"82","S-946","0","161854.3015","0","233254.3778","0","136549.3301","133704.8058","0","61132.6583","0","0","61126.825","0","54568.3884","152313.7803","162708.9975","0","154808.9881","0","202734.7992","0","0","9381.1167","0","16725.2153","0","8812.9689","7670.2434","0","4278.6937","0","0","4254.8877","0","3869.2329","10594.7939","10984.9069","0","9770.6469","0","13290.405","0"
"83","S-959","0","101691.5857","0","59895.1165","0","81775.2362","48033.8202","0","0","32212.808","0","30413.6589","0","30301.8723","63685.5479","77719.7463","0","77381.2443","0","71923.2905","38653.2401","0","7169.8517","0","3659.5247","0","5127.0934","3290.5564","0","0","2442.8657","0","2225.2513","0","2269.8815","5147.6068","5159.602","0","6336.0308","0","4623.3606","2797.8185"
"84","S-975","0","85748.5576","99851.5195","0","103731.8081","0","96107.0197","0","0","37303.7446","0","33569.9587","0","34183.6818","75729.6173","80794.4125","0","109486.2437","0","99655.7927","0","0","5799.566","7722.9059","0","7079.3288","0","5967.4413","0","0","2922.3652","0","2471.9554","0","2620.3178","5373.5935","5334.8591","0","7632.7618","0","6935.3275","0"
"85","S-979","91673.1635","105229.0264","101921.6107","0","254271.7451","0","158712.8274","0","69474.3819","0","0","83623.0914","0","60991.9723","217868.8453","154142.8985","241398.0346","0","309715.4051","0","211342.5842","5529.1434","6685.9232","6057.9254","0","17675.5894","0","9844.0268","0","5417.9517","0","0","6538.4253","0","4873.7944","14959.562","10856.815","16639.1117","0","22832.6467","0","15565.7645"
"86","S-989","91664.8397","81373.4196","111524.9952","0","139541.5603","97258.2477","76122.124","33059.9992","0","50308.898","0","52497.5117","0","34975.0634","139686.9263","94156.7381","128400.5921","81602.2578","159269.5874","105699.6733","133166.766","5631.8947","4789.1768","7360.4355","0","10313.2599","5898.0534","4738.5734","2708.3737","0","3770.1725","0","3840.9396","0","2696.5435","9678.8419","5987.6536","8353.3028","5727.7499","10325.0997","7780.5512","9018.2286"
"87","S-990","167295.6409","223567.7887","0","357517.2949","0","247753.1727","182721.188","0","96756.6957","0","0","97762.8251","0","94112.3611","259444.6329","377928.1764","0","219499.5624","166882.1575","252800.4176","270519.3281","9952.6349","14096.2143","0","26735.5634","0","17318.7912","11419.9802","0","7174.5042","0","0","7320.5161","0","7136.0999","17352.7373","25900.5284","0","14426.7104","12089.7915","17181.6956","19461.6686"
"88","S-104","0","0","90070.7442","0","67826.7832","0","51537.347","0","0","27648.328","0","27100.7108","0","22436.1611","0","44622.4904","62565.1246","0","96499.7603","0","77657.9361","0","0","6093.0662","0","4379.9977","0","2944.8793","0","0","2103.026","0","2032.7542","0","1750.987","0","3060.9274","4294.3992","0","6706.4463","0","5543.1492"
"89","S-124","27808.7538","0","0","49839.9893","0","36568.6575","0","0","0","15154.2206","0","18496.0681","0","11138.7786","31366.3855","18264.7059","0","46371.1952","0","49271.2951","0","1750.1906","0","0","3548.7604","0","2479.2205","0","0","0","1154.6431","0","1316.9044","0","800.9238","2165.3333","1271.2156","0","3050.7096","0","3599.9661","0"
"90","S-126","71626.2738","0","0","71090.3065","0","59834.844","0","0","0","24713.6291","0","23354.6898","0","22183.7052","52771.8468","42114.6966","0","57444.0183","0","67904.9736","0","4099.1048","0","0","4869.7927","0","3722.0457","0","0","0","1853.7092","0","1746.3346","0","1582.7912","3677.4739","2670.5813","0","3952.7335","0","6011.5858","0"
"91","S-149","67927.1705","0","0","100808.007","0","69722.8764","0","0","0","30742.2159","0","36321.8177","0","25350.5853","67697.3795","45717.4576","0","82500.4952","0","90091.7543","0","3925.7806","0","0","6382.924","0","4638.9885","0","0","0","2317.5517","0","2541.9164","0","1804.5529","4541.317","2979.787","0","5439.0284","0","6003.3008","0"
"92","S-164","0","0","56492.8628","0","54211.7678","0","51980.6658","0","0","15957.787","0","23098.6905","0","22706.9862","13921.9605","0","33965.9253","7355.2336","49694.3224","19814.2406","53875.4218","0","0","3828.4879","0","3444.0374","0","3157.4334","0","0","1210.9771","0","1650.4988","0","1707.0465","1133.6732","0","2268.8422","586.029","3551.7422","1586.6666","3443.3867"
"93","S-21","58769.1608","22787.55","0","58603.4866","0","57086.8628","0","9772.1173","8537.768","0","10730.3096","0","11213.2918","0","45934.5789","44368.2796","0","37599.3573","0","56837.098","0","3732.2733","2068.1669","0","3588.8353","0","3904.8302","0","743.9391","654.5622","0","784.9075","0","850.0121","0","3361.1973","3459.7333","0","2904.8822","0","4477.8538","0"
"94","S-219","0","53957.3396","0","0","50729.4683","0","52630.3585","16689.7986","0","0","15321.9339","0","19277.8722","0","65698.208","0","20775.4248","54049.3195","0","72320.2933","0","0","3722.0846","0","0","2943.6944","0","3563.1839","1253.1984","0","0","1204.8872","0","1443.5491","0","4623.6229","0","1480.6712","3786.6162","0","5427.072","0"
"95","S-2218","149646.6639","0","223686.913","0","207723.0755","0","177392.0864","68768.6788","0","77470.2489","0","0","88283.1281","0","175363.3971","222753.1406","0","222553.6865","0","215653.6723","147017.3055","9289.0203","0","14809.9953","0","13646.7273","0","11268.5583","5174.9676","0","5747.6028","0","0","6522.8557","0","11070.5346","14584.8244","0","15173.8741","0","14340.4028","10835.8452"
"96","S-2249","0","0","166972.0481","0","131581.6796","0","173702.6441","58051.4735","0","0","43757.9161","0","52119.4965","0","137057.7685","182160.5334","0","158021.5824","0","138505.1608","124511.6789","0","0","11379.614","0","8194.5769","0","11395.0767","4217.4353","0","0","3396.9791","0","4001.8995","0","9730.6498","12886.296","0","11033.7232","0","9601.1301","9210.1527"
"97","S-23","0","0","38841.178","0","38513.3731","0","30056.9881","0","0","10556.0107","0","0","0","12784.3046","0","0","29326.5811","0","36165.0524","0","40096.6377","0","0","2702.7403","0","2350.5362","0","1811.5169","0","0","836.3171","0","0","0","973.7526","0","0","2038.135","0","2549.9877","0","3233.5814"
"98","S-47","0","0","77467.0398","0","49159.8093","0","50981.6902","0","0","16234.3786","0","14832.5332","0","12912.6219","0","0","56977.7338","0","58620.1677","0","48067.6169","0","0","5155.3479","0","2916.4307","0","3244.3528","0","0","1353.2884","0","1174.933","0","1052.4454","0","0","4264.1537","0","4335.9989","0","3499.2836"
"99","S-6622","0","23751.2414","23457.8183","0","26307.5575","0","19007.1641","0","7555.1391","0","5729.9488","0","8770.9186","0","20538.2293","25651.6302","24309.0712","0","33523.927","0","29676.0479","0","1467.4716","2030.9476","0","1810.3708","0","1243.9325","0","618.5473","0","443.2709","0","697.6675","0","2236.149","1458.0891","2004.9368","0","2315.2303","0","2329.7606"
"100","S-6663","0","7284.8655","20829.6466","0","18175.0995","0","18877.1086","0","6340.7636","0","6257.7761","0","6285.5723","0","0","16540.9727","17205.8589","0","20749.7513","0","24011.0851","0","405.4106","1652.9173","0","1247.8758","0","1150.3306","0","500.0808","0","465.1926","0","467.5139","0","0","1066.2375","1292.2243","0","1396.2771","0","2050.5479"
"101","S-6665","0","35440.2781","3276.6442","19424.9933","0","20454.0216","0","0","7330.6466","0","4207.0236","0","5535.0911","0","18558.6304","24133.1009","6554.5922","21542.8879","0","26997.248","0","0","3036.8883","141.4178","1189.3759","0","1260.1722","0","0","585.3491","0","340.7139","0","441.2992","0","1405.3002","1769.3441","423.5928","1716.5941","0","1933.7229","0"
"102","S-939","155185.4823","133394.3006","0","257544.6286","0","163606.1986","0","54227.0782","0","75207.2891","0","0","86783.2188","0","121823.9702","131776.0692","203928.0308","0","189200.0469","132561.6007","186264.0608","9204.092","7798.5683","0","18619.9124","0","10655.6541","0","4022.9082","0","5545.7619","0","0","6444.1727","0","8304.7488","8560.9131","14297.8221","0","12560.2192","9408.1667","12545.9512"
"103","S-948","0","0","75739.295","0","73007.0589","0","66224.5811","0","0","20521.6318","0","23085.9206","0","15372.1442","53846.9905","60695.7412","0","69267.3227","0","79591.2525","34240.344","0","0","5590.8971","0","4640.6396","0","4069.2963","0","0","1616.4945","0","1673.1878","0","1197.6512","3905.5003","4137.9169","0","5494.1969","0","6694.2277","2428.3645"
"104","S-972","61342.3919","0","45343.0861","0","68526.8033","0","53889.6124","0","23070.7606","0","31196.1818","0","26076.6132","0","0","61742.8714","20753.4452","49425.0017","101472.2413","0","85526.6726","4392.1387","0","2524.0352","0","4108.0599","0","3386.3922","0","1818.2673","0","2239.3348","0","1958.8012","0","0","4635.0645","1328.4917","4421.5878","7117.4028","0","5997.2692"
"105","S-980","51698.2409","51369.6338","0","120350.4865","0","89797.2783","47473.7172","0","0","40285.3779","0","42250.4351","0","37311.6506","99415.9898","75628.8456","0","110177.6725","0","128823.118","51680.373","3301.1725","2994.4824","0","8851.9267","0","5774.6236","2913.8665","0","0","2956.0393","0","3054.9249","0","2791.6606","6953.8788","5014.7265","0","7887.1098","0","8623.269","3913.4162"
"106","S-983","0","78295.7949","36138.4095","0","68424.2598","0","45329.0793","0","0","22785.912","0","27309.6086","0","21683.5572","0","43227.1304","71665.3189","0","102337.8185","0","99373.9027","0","5727.4196","2017.1749","0","4313.8733","0","3259.3591","0","0","1698.0913","0","1933.3635","0","1574.3411","0","3023.2807","5502.307","0","7785.5047","0","7652.6633"
"107","S-165","111557.0201","0","129299.6318","0","0","129431.8435","0","0","33184.6727","0","44574.1019","0","0","37902.8258","0","72436.2252","103490.1833","0","124961.0316","0","141683.2731","7155.7197","0","8692.521","0","0","8719.7652","0","0","2325.5161","0","3143.6121","0","0","2698.8552","0","4933.353","7047.8401","0","8189.7497","0","9636.4748"
"108","S-24","36289.0573","0","0","47198.0449","0","47547.2609","0","12058.9454","0","0","9629.2751","0","16098.4061","0","47094.8662","0","0","31791.4354","0","42395.7677","0","2321.6407","0","0","3157.7442","0","3494.0582","0","920.4005","0","0","715.1407","0","1200.157","0","3217.0503","0","0","2371.1952","0","2986.4111","0"
"109","S-6662","0","24959.7167","15695.2021","25794.2049","0","12808.3401","23107.5826","0","0","8873.2949","0","7395.0476","0","7973.9209","17242.2965","25416.7079","17239.3715","24634.0513","13435.6521","28985.5216","10644.0627","0","1483.9153","717.4426","1827.0768","0","1168.1729","1448.4346","0","0","687.3137","0","647.8216","0","646.0247","1559.5583","1637.0855","1548.2623","2027.1693","921.8477","1982.4032","749.2908"
"110","S-6667","0","30051.4389","5076.278","18671.1859","0","26409.9839","0","0","6209.8222","0","7206.3074","0","6890.2027","0","25782.4547","28558.7001","4214.5117","29121.5276","0","25935.6765","0","0","2512.8558","337.8972","1198.5253","0","1865.4713","0","0","491.8055","0","602.1133","0","547.683","0","2468.3228","1977.5468","206.3378","2843.8084","0","1902.5741","0"
"111","S-7615","35920.3354","19464.1386","0","33686.2081","0","35028.0985","0","10512.6533","0","0","10974.7257","0","0","0","42780.1511","45408.1389","0","55965.069","0","51350.0611","0","2218.8215","1211.1907","0","2027.247","0","2235.4886","0","819.8928","0","0","891.8449","0","0","0","2672.5919","2842.4972","0","3463.1133","0","3181.4142","0"
"112","S-903","159379.7862","148327.1208","0","292765.7295","0","211748.7968","157367.8615","72593.0072","0","86930.273","0","0","96695.4537","0","133647.2912","197414.0046","126067.9328","181264.1514","150667.8531","196653.2441","229712.1903","9321.8883","9107.2072","0","21645.7184","0","13303.9252","10467.7025","5431.0542","0","6333.3113","0","0","7423.5781","0","9565.2706","12094.473","10033.8627","11214.8079","11417.8628","12444.9385","15515.025"
"113","S-910","0","0","188522.0063","0","133610.5862","0","186599.2034","50341.0566","0","0","57821.4819","0","52100.6091","0","0","176014.3601","0","157875.0296","0","128394.1905","216394.3921","0","0","13098.8694","0","8579.3867","0","12193.2906","3674.5115","0","0","4008.9704","0","3680.3197","0","0","11212.8847","0","9723.1904","0","9417.3162","14356.322"
"114","S-957","124751.3148","0","184508.7038","0","175864.5815","0","136636.4126","0","48288.5659","0","63443.572","0","0","62584.2627","204508.9935","0","155369.5425","0","208118.8413","0","151116.6375","7756.7743","0","13415.4762","0","11931.9397","0","8502.0343","0","3546.915","0","4516.4037","0","0","4436.7397","14296.8508","0","10508.6126","0","13684.8984","0","10660.5784"
"115","S-965","55511.0027","0","36479.4187","0","65352.3014","0","50705.8507","0","0","22961.4812","0","32168.4644","0","20894.7496","0","0","81469.1603","21525.6887","28531.8232","113885.2501","76590.4978","3915.4073","0","2174.5993","0","4015.0603","0","3027.8263","0","0","1860.9743","0","2368.194","0","1601.5077","0","0","7014.3602","1294.9147","2367.1644","8858.4246","5609.2348"
"116","S-967","81980.0223","0","63079.8979","0","102881.9425","0","76570.2064","0","0","32281.538","0","45431.4222","0","35226.9677","133040.4713","0","120211.2547","64460.1982","0","140322.2613","0","5199.3467","0","3933.8325","0","6602.2673","0","4692.0784","0","0","2538.449","0","3312.653","0","2828.7342","10471.7818","0","9368.0239","5132.2412","0","10804.9489","0"
"117","S-969","182964.735","0","262924.8599","0","194334.1737","0","164269.7142","85893.8735","0","0","60165.2229","0","79803.7439","0","172577.0226","219799.8717","0","183462.8272","0","241577.5817","0","11258.9329","0","18046.102","0","12505.449","0","10428.1133","6618.0214","0","0","4479.9129","0","5899.1704","0","11341.2486","14565.0104","0","11936.7281","0","16183.1463","0"
"118","S-984","0","175729.2776","174434.8228","155836.9636","0","172652.9734","179570.2034","50887.1696","50832.1455","0","71488.8806","0","70584.9436","0","106584.84","166818.843","105559.1211","151841.7294","126031.4116","186649.7146","197665.441","0","10439.8657","13622.9893","10443.9451","0","10572.7945","11622.666","3879.237","3787.1698","0","5156.4163","0","5269.2785","0","7519.142","10899.6871","7693.6997","9660.8344","9144.4168","12133.2658","13776.0138"
"119","S-988","84991.7584","0","0","111218.9526","0","70985.2559","0","0","0","28402.7036","0","31203.8537","0","22962.0996","69499.2363","40986.6014","0","83869.7305","0","98381.3286","0","5373.6033","0","0","7867.8786","0","4543.92","0","0","0","2080.3467","0","2415.3883","0","1677.1506","4931.7699","2901.3662","0","5393.4756","0","6698.7441","0"
"120","S-143","0","68606.8156","0","54482.994","0","64756.797","0","0","24483.5372","0","24330.4491","0","23377.6389","0","55993.1994","49363.4756","0","81671.7067","0","78204.8346","0","0","4807.5534","0","2971.7254","0","3991.7011","0","0","1841.2477","0","1777.7457","0","1736.3013","0","4036.914","3102.5077","0","6031.8175","0","5255.7972","0"
"121","S-2208","154401.1543","0","266202.8079","0","230258.7044","0","175605.5067","0","86720.7233","0","0","84941.0132","0","82483.647","138682.5351","290065.7522","0","198782.538","352871.432","0","211460.4048","9426.757","0","16931.2812","0","13880.1832","0","11652.4648","0","6136.657","0","0","6039.3158","0","5890.5551","9478.2152","18706.2879","0","13031.696","23328.9978","0","13874.8023"
"122","S-6632","15948.1594","10517.2498","48013.2112","5461.8649","17917.0944","568.3767","17520.7434","2582.3907","965.3962","14728.5189","611.0655","24973.1551","1041.7815","13316.5613","23906.4356","4740.9684","28232.7339","4538.3886","45256.271","15776.5516","36275.5353","1031.8932","619.3341","3068.4548","430.8094","968.3135","52.2838","1401.6385","183.0369","63.6283","1082.6812","39.8417","1737.7583","88.8912","880.1702","1961.851","450.6234","1928.0895","279.5332","3657.7764","1063.8093","2709.9666"
"123","S-6661","0","22606.8329","4702.0403","21506.6007","0","28305.7762","0","0","0","8285.8303","0","6908.3881","0","8563.5752","17437.4718","31193.5576","4836.7091","24405.3969","0","27596.9142","0","0","1396.8307","300.3671","1554.6242","0","1869.2593","0","0","0","651.9301","0","558.707","0","683.4189","1368.2169","2280.5558","281.4758","2117.1872","0","1931.9843","0"
"124","S-928","0","142212.3373","0","192011.7103","114054.5345","96289.0406","153871.7392","0","56285.3523","0","75380.1171","0","0","74006.9371","223462.6044","0","172262.9237","0","243351.8429","0","160903.5137","0","8710.1302","0","14778.7979","7663.7261","5897.5872","9603.8011","0","4137.8392","0","5481.2692","0","0","5386.9583","15615.2801","0","11903.1122","0","16321.4754","0","10995.047"
"125","S-949","43980.7371","52955.9236","0","43693.5987","0","54535.5277","0","0","0","21123.404","0","16411.803","0","14538.0237","43650.726","57043.5221","0","54944.8826","0","58395.3075","30545.9208","2636.4798","4104.3205","0","2849.6652","0","3591.4286","0","0","0","1631.5104","0","1209.627","0","1103.078","3248.1408","4020.2177","0","3867.8343","0","4149.31","2689.2104"
"126","S-953","0","91075.7204","0","53076.7528","65214.273","0","90857.195","37305.2656","0","0","31403.6589","0","36822.2332","0","123543.7086","66052.7393","0","110635.0982","0","124571.2828","49593.0994","0","5765.5034","0","3555.8896","4488.5767","0","5511.1748","2883.1936","0","0","2559.6131","0","2855.4928","0","8723.1161","5049.9644","0","8065.135","0","8920.6737","3600.9179"
"127","S-963","201850.8695","0","248048.2506","0","175774.4569","147103.2013","0","68067.6058","0","75591.1878","0","0","78982.0757","0","129899.0473","167088.0301","276712.3522","0","177424.9304","144519.5738","259294.3027","12120.3964","0","16856.2793","0","11470.7294","9323.8988","0","5059.852","0","5490.1952","0","0","5928.1921","0","8833.9776","10413.5733","18406.6687","0","11283.1663","9969.4379","16541.6053"
"128","S-966","74610.2136","0","40249.2745","0","79588.4277","0","60826.131","0","0","32179.5795","0","37651.0887","0","26811.8507","87593.2538","0","79979.4636","19625.233","35079.3619","117112.0517","0","5260.6439","0","2541.5959","0","5202.2605","0","3911.6971","0","0","2407.9483","0","2848.7425","0","2055.686","6997.3726","0","6216.7873","1347.4316","3250.6661","9266.4867","0"
"129","S-977","0","78168.7647","81895.3801","0","74610.5145","0","68298.3328","0","0","30813.5199","0","31534.7674","0","32192.6001","62402.342","60677.3051","68711.532","0","104505.1881","0","82871.4235","0","5239.3826","6178.4899","0","5076.2277","0","4439.0222","0","0","2376.8578","0","2320.99","0","2297.7376","4104.6993","4012.5155","4796.6557","0","7320.7103","0","5894.3625"
"130","S-996","0","158618.591","142028.3941","0","176512.7866","0","164396.2097","0","69689.0629","0","0","69699.8103","0","55629.2411","139752.7814","133604.3683","190011.3186","0","238985.6972","0","173377.4969","0","12104.7977","9110.8009","0","11330.448","0","11094.9039","0","5036.2986","0","0","5280.2054","0","4224.1857","10586.9363","8155.891","12322.7131","0","16161.4091","0","11506.0449"
"131","S-9210","0","0","0","0","0","9237.621","0","0","0","0","0","0","0","0","0","0","0","0","0","0","0","0","0","0","0","0","3655.0083","0","0","0","0","0","0","0","0","0","0","0","0","0","0","0"
